epoch,train_total,train_coarse_kd,train_feat_kd,train_gt_sup,val_total,val_coarse_kd,val_feat_kd,val_gt_sup
1,5.960077167087131,1.975074840121799,4.594420825110541,1.6877919260660807,6.877995166778565,2.3142849969863892,4.429034938812256,2.349192657470703
2,4.490172508027818,1.309742873509725,3.911321031782362,1.2247691202163695,4.198682622909546,1.1743262553215026,3.598317890167236,1.2251974201202394
3,4.010508195029365,1.133098958598243,3.427269581688775,1.1637744535340204,3.8758647346496584,1.0695258593559265,3.2678203201293945,1.1724287271499634
4,3.7950264443291557,1.0641069118181865,3.218004197014703,1.121917434533437,3.76725266456604,1.0464129662513733,3.2211429119110107,1.1102682161331177
5,3.6969926113552516,1.040856442981296,3.1651916027069094,1.073540366490682,3.599315814971924,0.9951777958869934,3.1952402591705322,1.0065179061889649
