epoch,train_total,train_coarse_kd,train_feat_kd,train_gt_sup,val_total,val_coarse_kd,val_feat_kd,val_gt_sup
1,2.0870832427342734,3.1539814292060004,5.166682404412164,2.0870832427342734,2.0170721864700316,2.8223641681671143,5.085550613403321,2.0170721864700316
2,1.5482517957687378,2.533089016808404,5.174689178466797,1.5482517957687378,1.3867566680908203,2.487427921295166,5.178241577148437,1.3867566680908203
3,1.2523900119463602,2.3777265273200143,5.205644705030653,1.2523900119463602,1.1051889371871948,2.2511803770065306,5.228317489624024,1.1051889371871948
4,1.1031233869658577,2.292524116834005,5.2026029904683435,1.1031233869658577,1.091438994407654,2.3518428897857664,5.20569414138794,1.091438994407654
5,1.0269749053319295,2.250562046898736,5.20310541788737,1.0269749053319295,0.9544246411323547,2.262726607322693,5.236533508300782,0.9544246411323547
