epoch,train_total,train_coarse_kd,train_feat_kd,train_gt_sup,val_total,val_coarse_kd,val_feat_kd,val_gt_sup
1,7.125312663184272,2.6461106533474394,4.5147340732150605,2.2218349658118353,6.828960018157959,2.444263229370117,4.239982566833496,2.2647055625915526
2,5.543898482852512,1.8391958326763578,3.85258245256212,1.7784114244249132,5.213431053161621,1.6856845664978026,3.62777193069458,1.7138605165481566
3,4.8310421074761285,1.555458812713623,3.3983436679840087,1.576411460240682,4.542230815887451,1.4633297538757324,3.2031836032867433,1.477309250831604
4,4.407110399670071,1.4012812704510158,3.113100522359212,1.44927886750963,4.239562311172485,1.286204981803894,3.072017707824707,1.4173484945297241
5,4.178694282107883,1.3129382530848186,3.02498628616333,1.353262882232666,4.154556760787964,1.283392629623413,3.011256694793701,1.3655358266830444
